offset,avg_pnl
-5,131.0107168522473
-4,126.83576907688212
-3,59.147648600029726
-2,54.42490859350079
-1,61.23645574164028
0,56.7361082796809
1,53.354703742166734
2,59.6287297599302
3,62.826661056013506
4,62.36685205720254
5,58.21824261806035
