offset,avg_pnl
-5,38.64371611783875
-4,-6.277184664036212
-3,64.47416743033644
-2,13.084816263526362
-1,62.26389624558369
0,43.63751315609261
1,63.883176693103366
2,66.31326735300023
3,78.29588556702846
4,74.15839685970023
5,73.07126696252188
